{"TiempoSleep": 0.5, "MaxIteraciones": 50}
{"Iteracion": 1, "PuntosX": [2.56662654876709, 2.521989107131958, 2.5139153003692627, 2.5137622356414795, 2.5239176750183105, 2.5462324619293213, 2.4230740070343018, 2.3914716243743896, 2.3839669227600098, 2.3842594623565674, 2.394519329071045, 2.417344808578491], "PuntosY": [0.3151421844959259, 0.3320264220237732, 0.35330796241760254, 0.3756844103336334, 0.39974963665008545, 0.4260932207107544, 0.4272535741329193, 0.4432333707809448, 0.4633963406085968, 0.48508304357528687, 0.5089710354804993, 0.535912811756134]}
{"Iteracion": 2, "PuntosX": [2.716599702835083, 2.686861038208008, 2.681495189666748, 2.6864283084869385, 2.75715970993042, 2.7351198196411133, 2.729872703552246, 2.7415659427642822], "PuntosY": [-0.04741862416267395, -0.023447994142770767, 1.6201738617382944e-07, 0.02344421297311783, 0.12038039416074753, 0.14334166049957275, 0.16696608066558838, 0.19170895218849182]}
{"Iteracion": 3, "PuntosX": [3.176103353500366, 3.1486499309539795, 3.1479544639587402, 3.1672234535217285, 3.2981457710266113, 3.2419745922088623, 3.2288594245910645, 3.2283332347869873], "PuntosY": [-0.36187106370925903, -0.3309365510940552, -0.30311357975006104, -0.277096152305603, -0.23062874376773834, -0.19828754663467407, -0.16921751201152802, -0.14095239341259003]}
{"Iteracion": 4, "PuntosX": [3.22800874710083, 3.1853036880493164, 3.167475700378418, 3.1655211448669434, 3.1807379722595215, 3.2990939617156982, 3.2811758518218994, 3.2727038860321045, 3.2781143188476562], "PuntosY": [0.14093808829784393, 0.16693474352359772, 0.19373105466365814, 0.22135476768016815, 0.2503294348716736, 0.2886333763599396, 0.31594154238700867, 0.34397509694099426, 0.3734937310218811]}
{"Iteracion": 5, "PuntosX": [3.1876020431518555, 3.1478374004364014, 3.1362483501434326, 3.1333906650543213, 3.1439688205718994, 3.280327081680298, 3.2686893939971924, 3.2656116485595703, 3.276961088180542], "PuntosY": [-0.2788788378238678, -0.24773986637592316, -0.2193075716495514, -0.1916462779045105, -0.16476838290691376, -0.1432221680879593, -0.1141452044248581, -0.08551297336816788, -0.057199738919734955]}
{"Iteracion": 6, "PuntosX": [3.1717350482940674, 3.1517059803009033, 3.146535634994507, 3.148388385772705, 3.167057514190674, 3.2942352294921875, 3.3107006549835205], "PuntosY": [0.0830547884106636, 0.11006005108356476, 0.1373809278011322, 0.1650000959634781, 0.1937054693698883, 0.23035527765750885, 0.2605575621128082]}
{"Iteracion": 7, "PuntosX": [2.951681613922119, 2.9056577682495117, 2.8918163776397705, 2.892146348953247, 2.893540382385254, 2.916508674621582, 3.0554251670837402, 3.0738673210144043], "PuntosY": [-0.38859641551971436, -0.3567696809768677, -0.32948046922683716, -0.30397680401802063, -0.27861616015434265, -0.2551615238189697, -0.2404668778181076, -0.21494553983211517]}
{"Iteracion": 8, "PuntosX": [3.1221847534179688, 3.0976316928863525, 3.086603879928589, 3.0924324989318848, 3.0982072353363037, 3.133587121963501], "PuntosY": [-0.3833562731742859, -0.35293054580688477, -0.32441508769989014, -0.2977678179740906, -0.27105817198753357, -0.24661855399608612]}
{"Iteracion": 9, "PuntosX": [3.127578020095825, 3.1203815937042236, 3.1158361434936523, 3.1274073123931885, 3.143012285232544], "PuntosY": [-0.43955233693122864, -0.4108060896396637, -0.3825764060020447, -0.35632312297821045, -0.33034390211105347]}
{"Iteracion": 10, "PuntosX": [2.869241237640381, 2.8474857807159424, 2.8433892726898193, 2.699021577835083, 2.6824488639831543, 2.682969093322754, 2.6834890842437744, 2.698690176010132, 2.731577157974243], "PuntosY": [0.10019612312316895, 0.12432409077882767, 0.14901575446128845, 0.16507911682128906, 0.18757496774196625, 0.21115395426750183, 0.23477481305599213, 0.2598544657230377, 0.28710031509399414]}
{"Iteracion": 11, "PuntosX": [3.2629148960113525, 3.258781909942627, 3.1246988773345947, 3.108976364135742, 3.1150078773498535, 3.122504472732544, 3.1496922969818115], "PuntosY": [-0.3717620074748993, -0.3425118327140808, -0.30087462067604065, -0.2720002233982086, -0.24515631794929504, -0.21834665536880493, -0.19264346361160278]}
{"Iteracion": 12, "PuntosX": [3.3339617252349854, 3.3240511417388916, 3.3364458084106445, 3.361100435256958, 3.2094666957855225, 3.199801206588745, 3.2057056427001953, 3.2191038131713867], "PuntosY": [0.17472557723522186, 0.20330742001533508, 0.23330692946910858, 0.26452434062957764, 0.2807919681072235, 0.3081059455871582, 0.33693334460258484, 0.366770476102829]}
{"Iteracion": 13, "PuntosX": [3.150115728378296, 3.1464309692382812, 3.1547675132751465, 3.175591468811035, 3.0500221252441406, 3.045213460922241, 3.048227071762085, 3.068887948989868], "PuntosY": [0.08248858153820038, 0.10987582057714462, 0.13774020969867706, 0.16642585396766663, 0.21327824890613556, 0.23966342210769653, 0.2666853368282318, 0.29550057649612427]}
{"Iteracion": 14, "PuntosX": [2.8201236724853516, 2.786583423614502, 2.7872002124786377, 2.7924139499664307, 2.8209564685821533, 2.729048252105713, 2.713369131088257, 2.7148144245147705, 2.732548713684082], "PuntosY": [0.07384759187698364, 0.09730974584817886, 0.12169193476438522, 0.14634431898593903, 0.17253701388835907, 0.23876073956489563, 0.2612677812576294, 0.28533852100372314, 0.311334490776062]}
{"Iteracion": 15, "PuntosX": [3.281811475753784, 3.2536354064941406, 3.2593445777893066, 3.282660961151123, 3.233285427093506, 3.212019920349121, 3.219529390335083, 3.2520809173583984], "PuntosY": [-0.14328733086585999, -0.11361964792013168, -0.0853492021560669, -0.05729946494102478, 0.028216440230607986, 0.056065987795591354, 0.08430620282888412, 0.11356514692306519]}
{"Iteracion": 16, "PuntosX": [3.371486186981201, 3.3522303104400635, 3.3663299083709717, 3.4119057655334473, 3.3572328090667725, 3.348341703414917, 3.362541675567627], "PuntosY": [-0.38413238525390625, -0.35233357548713684, -0.32414087653160095, -0.29850301146507263, -0.2053368240594864, -0.17547915875911713, -0.14681178331375122]}
{"Iteracion": 17, "PuntosX": [2.5075621604919434, 2.4983625411987305, 2.4980130195617676, 2.513556480407715, 2.5618419647216797, 2.5669572353363037, 2.529561758041382, 2.520519495010376, 2.5298562049865723, 2.5457136631011963], "PuntosY": [-0.5101690292358398, -0.4856325685977936, -0.46297964453697205, -0.44320783019065857, -0.42870527505874634, -0.3607623875141144, -0.3330232501029968, -0.30948081612586975, -0.2882404327392578, -0.26756545901298523]}
{"Iteracion": 18, "PuntosX": [2.768556594848633, 2.7482502460479736, 2.7443137168884277, 2.7598519325256348, 2.848011016845703, 2.8139612674713135, 2.8051552772521973, 2.802083969116211, 2.830773115158081], "PuntosY": [-0.21789008378982544, -0.19217605888843536, -0.16784928739070892, -0.14463768899440765, -0.07457783073186874, -0.04911796748638153, -0.024480201303958893, -2.787601260934025e-08, 0.02470378205180168]}
{"Iteracion": 19, "PuntosX": [2.739929437637329, 2.7202234268188477, 2.704677104949951, 2.7056257724761963, 2.72243332862854, 2.8588178157806396, 2.8190064430236816, 2.799131155014038, 2.793944835662842, 2.794804096221924], "PuntosY": [0.21563701331615448, 0.23798887431621552, 0.2604309618473053, 0.28437286615371704, 0.3101821541786194, 0.35101887583732605, 0.37112951278686523, 0.3933923542499542, 0.4175579249858856, 0.44265374541282654]}
{"Iteracion": 20, "PuntosX": [2.759019613265991, 2.73319411277771, 2.7196552753448486, 2.7180745601654053, 2.723940849304199, 2.869110107421875, 2.847456455230713, 2.833449602127075, 2.8347959518432617, 2.8451008796691895], "PuntosY": [0.024077773094177246, 0.047708239406347275, 0.07121681421995163, 0.09491723775863647, 0.11893019080162048, 0.15036381781101227, 0.1741579920053482, 0.1981339454650879, 0.22310325503349304, 0.24891412258148193]}
{"Iteracion": 21, "PuntosX": [2.6658310890197754, 2.639150381088257, 2.6312596797943115, 2.624238967895508, 2.63493275642395, 2.680041790008545, 2.7727315425872803, 2.764423370361328, 2.7693681716918945, 2.7806854248046875],