{"TiempoSleep": 0.5, "MaxIteraciones": 50}
{"Iteracion": 1, "PuntosX": [1.5849515199661255, 1.5792372226715088, 1.5823818445205688, 1.6066951751708984, 1.5852073431015015, 1.5790934562683105, 1.5830894708633423], "PuntosY": [0.33689194917678833, 0.35010862350463867, 0.36532163619995117, 0.5532295107841492, 0.5613512992858887, 0.5747431516647339, 0.5918930768966675]}
{"Iteracion": 2, "PuntosX": [2.206181526184082, 2.1976637840270996, 2.2076575756073, 2.2559969425201416, 2.2448484897613525, 2.2531139850616455], "PuntosY": [0.019253049045801163, 0.03836050629615784, 0.05780957266688347, 0.23711498081684113, 0.25576817989349365, 0.2766476273536682]}
{"Iteracion": 3, "PuntosX": [2.2870869636535645, 2.2857983112335205, 2.376962661743164, 2.3758087158203125], "PuntosY": [-0.03992129862308502, -0.019948050379753113, 0.16621333360671997, 0.186980202794075]}
{"Iteracion": 4, "PuntosX": [2.4187734127044678, 2.4011378288269043, 2.4125568866729736, 2.530397653579712, 2.537498712539673], "PuntosY": [-0.470162034034729, -0.4450247287750244, -0.42539864778518677, -0.26595544815063477, -0.24433346092700958]}
{"Iteracion": 5, "PuntosX": [1.7049614191055298, 1.6971100568771362, 1.7006899118423462, 1.7229983806610107, 1.8684436082839966, 1.8601528406143188, 1.8645635843276978], "PuntosY": [-0.28531259298324585, -0.26879584789276123, -0.254169762134552, -0.24215145409107208, -0.13065415620803833, -0.11377162486314774, -0.09771759808063507]}
{"Iteracion": 6, "PuntosX": [1.6795377731323242, 1.6645922660827637, 1.6632962226867676, 1.6731517314910889, 1.870030403137207, 1.8547656536102295, 1.8546524047851562], "PuntosY": [0.04398040473461151, 0.05812894552946091, 0.07262113690376282, 0.08768616616725922, 0.16360658407211304, 0.1785937249660492, 0.19493192434310913]}
{"Iteracion": 7, "PuntosX": [1.7027112245559692, 1.699500560760498, 1.706411361694336, 1.918056845664978, 1.9097933769226074, 1.9156618118286133], "PuntosY": [-0.3774820566177368, -0.361240029335022, -0.3471733331680298, -0.3037903308868408, -0.28542038798332214, -0.26922881603240967]}
{"Iteracion": 8, "PuntosX": [1.659899353981018, 1.443654179573059, 1.4335743188858032, 1.4310706853866577, 1.4381564855575562], "PuntosY": [0.4138595163822174, 0.3733544647693634, 0.3841251730918884, 0.3968709409236908, 0.41238489747047424]}
{"Iteracion": 9, "PuntosX": [2.0747313499450684, 2.0599589347839355, 2.061887264251709, 1.8450331687927246, 1.8348549604415894, 1.8366621732711792], "PuntosY": [0.3471909165382385, 0.3632262647151947, 0.3821483850479126, 0.35863828659057617, 0.3733055889606476, 0.39039477705955505]}
{"Iteracion": 10, "PuntosX": [2.2966840267181396, 2.2946527004241943, 2.077657461166382, 2.07572865486145], "PuntosY": [-3.7005520425736904e-08, 0.020025186240673065, 0.05440530925989151, 0.0724860280752182]}
{"Iteracion": 11, "PuntosX": [2.047348737716675, 2.0384178161621094, 2.045745611190796, 1.8411377668380737, 1.8348137140274048, 1.8405430316925049], "PuntosY": [-0.32426825165748596, -0.3046433925628662, -0.28751084208488464, -0.22606313228607178, -0.20905062556266785, -0.19344893097877502]}
{"Iteracion": 12, "PuntosX": [1.5761489868164062, 1.5710369348526, 1.5742663145065308, 1.4163588285446167, 1.3961681127548218, 1.3908278942108154, 1.3919535875320435], "PuntosY": [0.1378951519727707, 0.15127375721931458, 0.16546198725700378, 0.26250675320625305, 0.27138760685920715, 0.28296706080436707, 0.29586896300315857]}
{"Iteracion": 13, "PuntosX": [1.8421016931533813, 1.834363579750061, 1.8389681577682495, 1.7038304805755615, 1.686021089553833, 1.6845839023590088, 1.6941500902175903], "PuntosY": [-0.16116297245025635, -0.14436733722686768, -0.12859293818473816, 1.0629810276441276e-07, 0.014713800512254238, 0.029404601082205772, 0.04436294734477997]}
{"Iteracion": 14, "PuntosX": [2.2992260456085205, 2.300802230834961, 2.206000328063965, 2.1847119331359863, 2.1874423027038574], "PuntosY": [-0.10038646310567856, -0.08034578710794449, 0.07703527808189392, 0.09538665413856506, 0.11463907361030579]}
{"Iteracion": 15, "PuntosX": [2.1439573764801025, 2.1410040855407715, 2.0894179344177246, 2.0687155723571777, 2.069108247756958], "PuntosY": [0.018710147589445114, 0.037371426820755005, 0.21960686147212982, 0.23570038378238678, 0.25405454635620117]}
{"Iteracion": 16, "PuntosX": [1.8267509937286377, 1.823792576789856, 1.8332970142364502, 1.7987432479858398, 1.7940747737884521, 1.8018535375595093], "PuntosY": [0.031886059790849686, 0.04775766655802727, 0.06402018666267395, 0.25279682874679565, 0.2681262493133545, 0.2853856384754181]}
{"Iteracion": 17, "PuntosX": [1.6982331275939941, 1.6958564519882202, 1.703351378440857, 1.7138123512268066, 1.7111079692840576, 1.7186951637268066], "PuntosY": [-0.26897379755973816, -0.25344735383987427, -0.2393903136253357, -0.044877707958221436, -0.029867645353078842, -0.01499900408089161]}
{"Iteracion": 18, "PuntosX": [2.2799696922302246, 2.277273416519165, 2.3467633724212646, 2.336110830307007, 2.348534107208252], "PuntosY": [0.09954588860273361, 0.11934690922498703, 0.3089574873447418, 0.3283189833164215, 0.3509908616542816]}
{"Iteracion": 19, "PuntosX": [1.7313799858093262, 1.7247846126556396, 1.7288812398910522, 1.8342297077178955, 1.8263897895812988, 1.830530047416687], "PuntosY": [-0.15147612988948822, -0.13574336469173431, -0.12089503556489944, 0.04803108051419258, 0.0637790858745575, 0.0799228698015213]}
{"Iteracion": 20, "PuntosX": [2.11702036857605, 2.1173365116119385, 2.2633779048919678, 2.254852056503296, 2.265942335128784], "PuntosY": [-0.16661305725574493, -0.14805836975574493, 1.3980752555653453e-07, 0.019678018987178802, 0.039552267640829086]}
{"Iteracion": 21, "PuntosX": [1.5630580186843872, 1.5548251867294312, 1.554953932762146, 1.73202645778656, 1.7257081270217896, 1.7313340902328491], "PuntosY": [0.33223822712898254, 0.3446965515613556, 0.3589894771575928, 0.48033344745635986, 0.49483898282051086, 0.5128447413444519]}
{"Iteracion": 22, "PuntosX": [1.4651553630828857, 1.4622821807861328, 1.466616153717041, 1.4846513271331787, 1.6669068336486816, 1.6595460176467896, 1.6623026132583618], "PuntosY": [-0.21896885335445404, -0.20551033318042755, -0.1930837631225586, -0.182292178273201, -0.11656133830547333, -0.10150207579135895, -0.08711748570203781]}
{"Iteracion": 23, "PuntosX": [2.2270994186401367, 2.2246181964874268, 2.443836212158203, 2.4391558170318604], "PuntosY": [4.100729711353779e-08, 0.019414205104112625, 0.06399419158697128, 0.0851772278547287]}
{"Iteracion": 24, "PuntosX": [2.124887704849243, 2.1200525760650635, 2.134293794631958], "PuntosY": [0.07420289516448975, 0.09256371110677719, 0.1118537113070488]}
{"Iteracion": 25, "PuntosX": [1.9576714038848877, 1.9492450952529907, 1.9554609060287476, 2.1888861656188965], "PuntosY": [-0.32760170102119446, -0.3087300956249237, -0.29224541783332825, -0.3076278269290924]}
{"Iteracion": 26, "PuntosX": [2.4478471279144287, 2.4455225467681885, 2.2300219535827637, 2.232069969177246], "PuntosY": [-0.14971677958965302, -0.12816429138183594, -0.07787416875362396, -0.05844871699810028]}
{"Iteracion": 27, "PuntosX": [2.44954514503479, 2.454904794692993, 2.253016233444214, 2.2537193298339844], "PuntosY": [-0.06414376199245453, -0.04285065084695816, 0.03932654485106468, 0.05901578813791275]}
{"Iteracion": 28, "PuntosX": [2.5670981407165527, 2.5662970542907715, 2.392223596572876, 2.3968186378479004], "PuntosY": [-0.0672217532992363, -0.04479514807462692, 0.0835384801030159, 0.10464762151241302]}
{"Iteracion": 29, "PuntosX": [2.230275869369507, 2.2266886234283447, 2.096355676651001, 2.0860443115234375, 2.0933773517608643], "PuntosY": [0.35324111580848694, 0.3726198971271515, 0.5226802229881287, 0.5394880175590515, 0.5609187483787537]}
{"Iteracion": 30, "PuntosX": [1.7643601894378662, 1.7588783502578735, 1.7648581266403198, 1.6606074571609497, 1.6563242673873901, 1.6614552736282349], "PuntosY": [-0.39114925265312195, -0.373861163854599, -0.35906437039375305, -0.1892021894454956, -0.17408674955368042, -0.15998007357120514]}
{"Iteracion": 31,