{"TiempoSleep": 0.5, "MaxIteraciones": 50}
{"Iteracion": 1, "PuntosX": [2.9529945850372314, 2.928112745285034, 2.9095277786254883, 2.9046878814697266, 2.9010016918182373, 2.9222776889801025, 3.0665957927703857], "PuntosY": [0.6546633839607239, 0.6760081052780151, 0.6985157132148743, 0.7242199778556824, 0.7502503395080566, 0.7830220460891724, 0.8504422903060913]}
{"Iteracion": 2, "PuntosX": [3.185054302215576, 3.157907724380493, 3.151710271835327, 3.1731274127960205, 3.253885507583618, 3.217937707901001, 3.2046303749084473, 3.204880714416504], "PuntosY": [0.2506689429283142, 0.27628108859062195, 0.30347561836242676, 0.3335091769695282, 0.39952701330184937, 0.42364972829818726, 0.45038142800331116, 0.47897258400917053]}
{"Iteracion": 3, "PuntosX": [3.4214866161346436, 3.3898258209228516, 3.383754014968872, 3.396728038787842, 3.502553939819336, 3.4720611572265625, 3.4644343852996826, 3.4767749309539795], "PuntosY": [-0.20926663279533386, -0.1776534765958786, -0.14773817360401154, -0.11861676722764969, -0.061137713491916656, -0.03030068799853325, 6.493064574897289e-08, 0.030341386795043945]}
{"Iteracion": 4, "PuntosX": [2.5395901203155518, 2.518646240234375, 2.50508975982666, 2.4997408390045166, 2.5038421154022217, 2.6441593170166016, 2.625391721725464, 2.6116015911102295, 2.60929799079895, 2.6138510704040527], "PuntosY": [0.33434346318244934, 0.3539724051952362, 0.3743878901004791, 0.39592015743255615, 0.4189993441104889, 0.466236412525177, 0.4865877032279968, 0.5076438784599304, 0.5308675169944763, 0.5555911064147949]}
{"Iteracion": 5, "PuntosX": [2.6370737552642822, 2.6106784343719482, 2.6015663146972656, 2.592665910720825, 2.5962255001068115, 2.731872797012329, 2.722660541534424, 2.732448101043701], "PuntosY": [0.6331052184104919, 0.6509153842926025, 0.6728110313415527, 0.6947029829025269, 0.719996988773346, 0.7833521366119385, 0.8064889311790466, 0.8353932499885559]}
{"Iteracion": 6, "PuntosX": [2.876117706298828, 2.8537793159484863, 2.8423054218292236, 2.837669610977173, 2.841804027557373, 2.988828659057617, 2.991415023803711], "PuntosY": [0.3276923596858978, 0.3504001200199127, 0.3741967976093292, 0.3988085985183716, 0.4247104823589325, 0.4733841121196747, 0.5005910396575928]}
{"Iteracion": 7, "PuntosX": [3.0949225425720215, 3.0781021118164062, 3.06819224357605, 3.068567991256714, 3.0788028240203857, 3.241621255874634], "PuntosY": [0.21641817688941956, 0.24225187301635742, 0.2684321403503418, 0.295469731092453, 0.32359546422958374, 0.36933624744415283]}
{"Iteracion": 8, "PuntosX": [2.492645025253296, 2.473688840866089, 2.4652490615844727, 2.4609882831573486, 2.465719223022461, 2.4704718589782715, 2.500598430633545], "PuntosY": [0.04350951313972473, 0.06477594375610352, 0.08608847856521606, 0.10744933038949966, 0.12922298908233643, 0.15110057592391968, 0.17485886812210083]}
{"Iteracion": 9, "PuntosX": [3.1564459800720215, 3.1272990703582764, 2.9757516384124756, 2.9577252864837646, 2.953126907348633, 2.954759359359741, 2.9674007892608643], "PuntosY": [0.38756275177001953, 0.4117167294025421, 0.4182146191596985, 0.4420347511768341, 0.46772921085357666, 0.4944568872451782, 0.5232327580451965]}
{"Iteracion": 10, "PuntosX": [2.638230562210083, 2.6245954036712646, 2.483985185623169, 2.4640254974365234, 2.464383602142334, 2.4648780822753906, 2.4717884063720703, 2.487389087677002], "PuntosY": [-0.06908462196588516, -0.045812759548425674, -0.021677574142813683, -7.409835234284401e-08, 0.021506398916244507, 0.04302464425563812, 0.06472606211900711, 0.08686142414808273]}
{"Iteracion": 11, "PuntosX": [3.1731791496276855, 3.161271095275879, 3.1676762104034424, 3.0263242721557617, 3.014664649963379, 3.020629405975342, 3.0299699306488037, 3.058499336242676], "PuntosY": [-0.13854415714740753, -0.11039412766695023, -0.08294843882322311, -0.05282478407025337, -0.026308473199605942, 1.2741656973958015e-07, 0.02644234150648117, 0.05338650569319725]}
{"Iteracion": 12, "PuntosX": [3.0629770755767822, 3.0558230876922607, 3.06768798828125, 2.977375030517578, 2.935295581817627, 2.9298224449157715, 2.9411377906799316, 2.9577791690826416, 2.9976019859313965], "PuntosY": [-0.29493144154548645, -0.2673497200012207, -0.24143216013908386, -0.20819807052612305, -0.17953024804592133, -0.1535455286502838, -0.12841306626796722, -0.10328799486160278, -0.07849521934986115]}
{"Iteracion": 13, "PuntosX": [3.173435688018799, 3.1452839374542236, 3.1416280269622803, 3.1603643894195557, 3.2246742248535156, 3.045147180557251, 3.0414161682128906, 3.048444986343384, 3.0712199211120605], "PuntosY": [0.3335414528846741, 0.35835978388786316, 0.38574326038360596, 0.41606998443603516, 0.4531984329223633, 0.48230400681495667, 0.5089585781097412, 0.5375229120254517, 0.5692171454429626]}
{"Iteracion": 14, "PuntosX": [3.1530585289001465, 3.1372358798980713, 3.139158248901367, 3.1746881008148193, 3.0769219398498535, 3.0645110607147217, 3.0661518573760986, 3.106315851211548], "PuntosY": [0.4993957281112671, 0.524993360042572, 0.5535183548927307, 0.5883939266204834, 0.6540202498435974, 0.6793859601020813, 0.7078768014907837, 0.7457607388496399]}
{"Iteracion": 15, "PuntosX": [2.6055655479431152, 2.6082334518432617, 2.614393472671509, 2.643508195877075, 2.5817859172821045, 2.5629665851593018, 2.5688467025756836, 2.5805845260620117, 2.6115164756774902], "PuntosY": [-0.5776401162147522, -0.5543972849845886, -0.5319041013717651, -0.5138458609580994, -0.4320429861545563, -0.40593400597572327, -0.38391658663749695, -0.3626772463321686, -0.3438127934932709]}
{"Iteracion": 16, "PuntosX": [3.038106679916382, 3.0227468013763428, 3.0236618518829346, 3.073986291885376, 3.036569833755493, 3.0177407264709473, 3.013317108154297, 3.0494308471679688], "PuntosY": [0.5356999635696411, 0.5602331757545471, 0.5877403616905212, 0.6254096031188965, 0.7010473012924194, 0.7244951725006104, 0.7513043284416199, 0.7886365652084351]}
{"Iteracion": 17, "PuntosX": [3.130094528198242, 3.1218011379241943, 3.141261577606201, 3.2110495567321777, 3.156862735748291, 3.1458849906921387, 3.1656887531280518], "PuntosY": [-0.6084290146827698, -0.578591525554657, -0.5538889169692993, -0.47989434003829956, -0.44366809725761414, -0.41416385769844055, -0.3886977434158325]}
{"Iteracion": 18, "PuntosX": [3.0592870712280273, 3.026306629180908, 3.013606309890747, 3.009408712387085, 3.0431652069091797, 3.1089582443237305, 3.0768816471099854, 3.070976495742798, 3.078186273574829], "PuntosY": [0.13357174396514893, 0.15860220789909363, 0.18432006239891052, 0.21043822169303894, 0.23950237035751343, 0.29935893416404724, 0.32339364290237427, 0.34989362955093384, 0.37795397639274597]}
{"Iteracion": 19, "PuntosX": [2.789135694503784, 2.7331576347351074, 2.7120113372802734, 2.709660291671753, 2.710623264312744, 2.8632118701934814, 2.8204703330993652, 2.799334764480591, 2.798644781112671, 2.804234266281128], "PuntosY": [-0.07303594797849655, -0.04770746827125549, -0.023667531087994576, 9.225914254784584e-08, 0.023655643686652184, 0.07497594505548477, 0.09849332273006439, 0.12222178280353546, 0.1466708928346634, 0.1715143769979477]}
{"Iteracion": 20, "PuntosX": [3.312164306640625, 3.2844531536102295, 3.2689361572265625, 3.2728588581085205, 3.40958309173584, 3.393383741378784, 3.384777307510376, 3.3923981189727783], "PuntosY": [0.40668269991874695, 0.4324067533016205, 0.45941901206970215, 0.48913174867630005, 0.5400248765945435, 0.567857563495636, 0.5968275666236877, 0.6287438273429871]}
{"Iteracion": 21, "PuntosX": [3.0336129665374756, 3.001174211502075, 2.9841902256011963, 2.975665330886841, 2.9798271656036377, 3.1252634525299072, 3.116199254989624, 3.114799976348877, 3.128192663192749], "PuntosY": [0.10593612492084503, 0.13103437423706055, 0.15639495849609375, 0.18199943006038666, 0.20836973190307617, 0.24596349895000458, 0.2726322114467621, 0.2999213933944702, 0.3287865221500397]}
{"Iteracion": 22, "PuntosX": [2.9832961559295654, 2.9654033184051514, 2.9622440338134766, 2.962174892425537, 2.981579542160034, 3.1155738830566406, 3.1267106533050537],