{"TiempoSleep": 0.5, "MaxIteraciones": 50}
{"Iteracion": 1, "PuntosX": [2.5826773643493652, 2.582021713256836, 2.599620819091797, 2.580003261566162, 2.591142416000366], "PuntosY": [0.34001627564430237, 0.36287936568260193, 0.5525668263435364, 0.5719733238220215, 0.5982124209403992]}
{"Iteracion": 2, "PuntosX": [3.0914461612701416, 3.088608980178833, 3.1345369815826416, 3.1446776390075684], "PuntosY": [0.2976725995540619, 0.3246259391307831, 0.524541437625885, 0.5544915199279785]}
{"Iteracion": 3, "PuntosX": [2.8529467582702637, 2.8641061782836914, 2.9431824684143066, 2.9544215202331543], "PuntosY": [-0.02489743009209633, 1.4551915228366852e-10, 0.18001273274421692, 0.2065930813550949]}
{"Iteracion": 4, "PuntosX": [2.567725419998169, 2.5731256008148193, 2.709610939025879, 2.6962409019470215, 2.7182905673980713], "PuntosY": [-0.4527590274810791, -0.4305931627750397, -0.28479158878326416, -0.2596186697483063, -0.23781952261924744]}
{"Iteracion": 5, "PuntosX": [3.0557339191436768, 3.0477142333984375, 3.223118543624878, 3.2101833820343018], "PuntosY": [-0.3211709260940552, -0.2934618890285492, -0.16891661286354065, -0.14015986025333405]}
{"Iteracion": 6, "PuntosX": [2.739943504333496, 2.7351162433624268, 2.9258313179016113, 2.9320452213287354], "PuntosY": [1.1341762728989124e-07, 0.023869149386882782, 0.12774474918842316, 0.15366216003894806]}
{"Iteracion": 7, "PuntosX": [2.763166904449463, 2.7630457878112793, 2.976435661315918, 2.9726674556732178], "PuntosY": [-0.3883378505706787, -0.36376211047172546, -0.3128361105918884, -0.2862355709075928]}
{"Iteracion": 8, "PuntosX": [2.385831356048584, 2.380014181137085, 2.602760076522827, 2.607419490814209], "PuntosY": [1.2473901733756065e-07, 0.020770151168107986, 0.045431479811668396, 0.06827768683433533]}
{"Iteracion": 9, "PuntosX": [2.9350428581237793, 2.9250950813293457, 2.7027556896209717, 2.7032523155212402], "PuntosY": [0.386405885219574, 0.4110952913761139, 0.40392953157424927, 0.4281530976295471]}
{"Iteracion": 10, "PuntosX": [3.369042158126831, 3.15763521194458, 3.1524264812469482], "PuntosY": [-0.08822158724069595, -0.05511679872870445, -0.027510887011885643]}
{"Iteracion": 11, "PuntosX": [2.87410306930542, 2.8811326026916504, 2.6827893257141113, 2.669593095779419, 2.691202402114868], "PuntosY": [-0.15062527358531952, -0.12579326331615448, -0.07025143504142761, -0.04659799113869667, -0.023485928773880005]}
{"Iteracion": 12, "PuntosX": [2.663468837738037, 2.6764514446258545, 2.483833074569702, 2.4878573417663574], "PuntosY": [-0.27994176745414734, -0.25771307945251465, -0.15191765129566193, -0.13038299977779388]}
{"Iteracion": 13, "PuntosX": [3.1940901279449463, 3.043844223022461], "PuntosY": [-0.19535867869853973, -0.026563195511698723]}
{"Iteracion": 14, "PuntosX": [3.5103843212127686, 3.508559226989746, 3.3902852535247803], "PuntosY": [-0.030634960159659386, -5.238689482212067e-09, 0.17767739295959473]}
{"Iteracion": 15, "PuntosX": [2.637929677963257, 2.6290745735168457, 2.558675765991211, 2.55836820602417], "PuntosY": [0.2540038526058197, 0.2763270437717438, 0.4742225706577301, 0.4972963035106659]}
{"Iteracion": 16, "PuntosX": [3.4224398136138916, 3.4278385639190674, 3.412141799926758, 3.390113115310669], "PuntosY": [0.2693517208099365, 0.29989713430404663, 0.47954538464546204, 0.506655752658844]}
{"Iteracion": 17, "PuntosX": [2.8085787296295166, 2.811753511428833, 2.8253378868103027, 2.8255419731140137], "PuntosY": [-0.0735451728105545, -0.04907947778701782, 0.1480698585510254, 0.17281757295131683]}
{"Iteracion": 18, "PuntosX": [2.968181610107422, 2.976116418838501, 3.035698413848877, 3.0286431312561035], "PuntosY": [-0.4967033267021179, -0.47137048840522766, -0.2923048138618469, -0.26497212052345276]}
{"Iteracion": 19, "PuntosX": [2.648526906967163, 2.654825210571289, 2.750093460083008, 2.757612705230713], "PuntosY": [-0.5388486385345459, -0.5160458087921143, -0.33766916394233704, -0.31419017910957336]}
{"Iteracion": 20, "PuntosX": [2.706747055053711, 2.703218460083008, 2.8415257930755615], "PuntosY": [0.23680970072746277, 0.2602904438972473, 0.424669086933136]}
{"Iteracion": 21, "PuntosX": [3.1309280395507812, 3.1350784301757812, 3.305140972137451, 3.304901123046875], "PuntosY": [-0.05465091019868851, -0.027359675616025925, 0.08654811233282089, 0.11540984362363815]}
{"Iteracion": 22, "PuntosX": [3.219447374343872, 3.219055414199829, 3.4126839637756348], "PuntosY": [-0.02809581533074379, -3.15631041303277e-08, 0.089364193379879]}
{"Iteracion": 23, "PuntosX": [3.255743980407715, 3.2684149742126465, 3.4699578285217285], "PuntosY": [-0.28484055399894714, -0.2572295367717743, -0.21223138272762299]}
{"Iteracion": 24, "PuntosX": [2.9194929599761963, 2.89880108833313, 3.124209403991699, 3.130476951599121], "PuntosY": [-0.2297690063714981, -0.20270369946956635, -0.19108469784259796, -0.1640615165233612]}
{"Iteracion": 25, "PuntosX": [3.360468626022339, 3.349724531173706, 3.125200033187866], "PuntosY": [0.2349867969751358, 0.2636290192604065, 0.2734198570251465]}
{"Iteracion": 26, "PuntosX": [2.9698598384857178, 2.9740636348724365, 2.755042552947998, 2.757161855697632], "PuntosY": [-0.23373296856880188, -0.2079666405916214, -0.16850560903549194, -0.1444966346025467]}
{"Iteracion": 27, "PuntosX": [3.3069543838500977, 3.313387632369995, 3.115236759185791, 3.1082754135131836], "PuntosY": [0.17331023514270782, 0.20265528559684753, 0.27254778146743774, 0.29929304122924805]}
{"Iteracion": 28, "PuntosX": [3.3404858112335205, 3.1740996837615967, 3.1702475547790527], "PuntosY": [0.14584894478321075, 0.2776978313922882, 0.3052603602409363]}
{"Iteracion": 29, "PuntosX": [3.459650754928589, 3.475844621658325, 3.3226068019866943, 3.324584484100342], "PuntosY": [-0.517048180103302, -0.4884982109069824, -0.3492201566696167, -0.3201214075088501]}
{"Iteracion": 30, "PuntosX": [2.636721611022949, 2.6404263973236084, 2.538783550262451, 2.5332493782043457], "PuntosY": [0.3471311926841736, 0.3710877597332001, 0.5396350026130676, 0.5616079568862915]}
{"Iteracion": 31, "PuntosX": [3.3299336433410645, 3.2705817222595215, 3.2788124084472656], "PuntosY": [-0.23285143077373505, -0.028542160987854004, -3.485183697193861e-08]}
{"Iteracion": 32, "PuntosX": [3.1329808235168457, 3.130995988845825, 3.120061159133911, 3.1126396656036377], "PuntosY": [-0.35695767402648926, -0.3290809094905853, -0.1362249255180359, -0.10869584232568741]}
{"Iteracion": 33, "PuntosX": [2.7884891033172607, 2.789466619491577, 2.819244623184204, 2.8161258697509766], "PuntosY": [-0.39189666509628296, -0.36724036931991577, -0.17243236303329468, -0.14758700132369995]}
{"Iteracion": 34, "PuntosX": [2.7383387088775635, 2.7503175735473633, 2.8106298446655273, 2.823383092880249], "PuntosY": [-0.43371009826660156, -0.41103777289390564, -0.22120128571987152, -0.19743028283119202]}
{"Iteracion": 35, "PuntosX": [2.528602361679077, 2.5265097618103027, 2.641735076904297, 2.6402106285095215], "PuntosY": [0.1768169105052948, 0.19884063303470612, 0.3712715804576874, 0.394582062959671]}
{"Iteracion": 36, "PuntosX": [2.448451280593872, 2.4274723529815674, 2.43451189994812, 2.579328775405884, 2.5795021057128906], "PuntosY": [0.0213673934340477, 0.04237184673547745, 0.06374988704919815, 0.2029973566532135, 0.22567714750766754]}
{"Iteracion": 37, "PuntosX": [2.4064929485321045, 2.409273386001587, 2.602342128753662, 2.585331916809082, 2.597867488861084], "PuntosY": [0.06301625072956085, 0.08413363993167877, 0.1819734275341034, 0.20346985757350922, 0.22728407382965088]}
{"Iteracion": 38, "PuntosX": [2.5599546432495117, 2.570333242416382, 2.766252040863037, 2.766594171524048], "PuntosY": [-0.4744597375392914, -0.4532189667224884, -0.3887713849544525, -0.36422908306121826]}
{"Iteracion": 39, "PuntosX": [3.096670627593994, 3.079376697540283, 3.297748565673828], "PuntosY": [0.2709236443042755, 0.2965103089809418, 0.3466073274612427]}
{"Iteracion": 40, "PuntosX": [3.1132166385650635, 3.1033973693847656], "PuntosY": [0.24501538276672363, 0.27151215076446533]}
{"Iteracion": 41,